County,County Code,Year,Injury Intent,Deaths,Population
"Baker County, OR",41001,2007,"Non-Injury, no intent classified",198,16139
"Baker County, OR",41001,2008,Unintentional,17,16195
"Baker County, OR",41001,2008,"Non-Injury, no intent classified",166,16195
"Baker County, OR",41001,2009,Unintentional,15,16225
"Baker County, OR",41001,2009,"Non-Injury, no intent classified",180,16225
"Baker County, OR",41001,2010,"Non-Injury, no intent classified",203,16134
"Baker County, OR",41001,2011,Unintentional,16,15984
"Baker County, OR",41001,2011,"Non-Injury, no intent classified",177,15984
"Benton County, OR",41003,2007,Unintentional,25,83718
"Benton County, OR",41003,2007,Suicide,15,83718
"Benton County, OR",41003,2007,"Non-Injury, no intent classified",524,83718
"Benton County, OR",41003,2008,Unintentional,20,84150
"Benton County, OR",41003,2008,"Non-Injury, no intent classified",481,84150
"Benton County, OR",41003,2009,Unintentional,20,85390
"Benton County, OR",41003,2009,Suicide,11,85390
"Benton County, OR",41003,2009,"Non-Injury, no intent classified",500,85390
"Benton County, OR",41003,2010,Unintentional,16,85579
"Benton County, OR",41003,2010,Suicide,10,85579
"Benton County, OR",41003,2010,"Non-Injury, no intent classified",493,85579
"Benton County, OR",41003,2011,Unintentional,27,85928
"Benton County, OR",41003,2011,Suicide,13,85928
"Benton County, OR",41003,2011,"Non-Injury, no intent classified",516,85928
"Clackamas County, OR",41005,2007,Unintentional,159,366808
"Clackamas County, OR",41005,2007,Suicide,45,366808
"Clackamas County, OR",41005,2007,"Non-Injury, no intent classified",2677,366808
"Clackamas County, OR",41005,2008,Unintentional,149,371103
"Clackamas County, OR",41005,2008,Suicide,50,371103
"Clackamas County, OR",41005,2008,Homicide,11,371103
"Clackamas County, OR",41005,2008,"Non-Injury, no intent classified",2744,371103
"Clackamas County, OR",41005,2009,Unintentional,141,374085
"Clackamas County, OR",41005,2009,Suicide,59,374085
"Clackamas County, OR",41005,2009,"Non-Injury, no intent classified",2757,374085
"Clackamas County, OR",41005,2010,Unintentional,145,375992
"Clackamas County, OR",41005,2010,Suicide,65,375992
"Clackamas County, OR",41005,2010,"Non-Injury, no intent classified",2755,375992
"Clackamas County, OR",41005,2011,Unintentional,147,380207
"Clackamas County, OR",41005,2011,Suicide,56,380207
"Clackamas County, OR",41005,2011,"Non-Injury, no intent classified",2785,380207
"Clatsop County, OR",41007,2007,Unintentional,18,36818
"Clatsop County, OR",41007,2007,"Non-Injury, no intent classified",328,36818
"Clatsop County, OR",41007,2008,Unintentional,18,36825
"Clatsop County, OR",41007,2008,"Non-Injury, no intent classified",362,36825
"Clatsop County, OR",41007,2009,Unintentional,19,36972
"Clatsop County, OR",41007,2009,"Non-Injury, no intent classified",341,36972
"Clatsop County, OR",41007,2010,Unintentional,20,37039
"Clatsop County, OR",41007,2010,"Non-Injury, no intent classified",349,37039
"Clatsop County, OR",41007,2011,Unintentional,29,37153
"Clatsop County, OR",41007,2011,"Non-Injury, no intent classified",328,37153
"Columbia County, OR",41009,2007,Unintentional,31,48898
"Columbia County, OR",41009,2007,"Non-Injury, no intent classified",358,48898
"Columbia County, OR",41009,2008,Unintentional,26,49209
"Columbia County, OR",41009,2008,"Non-Injury, no intent classified",376,49209
"Columbia County, OR",41009,2009,Unintentional,23,49394
"Columbia County, OR",41009,2009,"Non-Injury, no intent classified",385,49394
"Columbia County, OR",41009,2010,Unintentional,21,49351
"Columbia County, OR",41009,2010,Suicide,11,49351
"Columbia County, OR",41009,2010,"Non-Injury, no intent classified",354,49351
"Columbia County, OR",41009,2011,Unintentional,28,49402
"Columbia County, OR",41009,2011,Suicide,10,49402
"Columbia County, OR",41009,2011,"Non-Injury, no intent classified",383,49402
"Coos County, OR",41011,2007,Unintentional,33,63420
"Coos County, OR",41011,2007,Suicide,14,63420
"Coos County, OR",41011,2007,"Non-Injury, no intent classified",761,63420
"Coos County, OR",41011,2008,Unintentional,42,63226
"Coos County, OR",41011,2008,Suicide,21,63226
"Coos County, OR",41011,2008,"Non-Injury, no intent classified",775,63226
"Coos County, OR",41011,2009,Unintentional,22,63079
"Coos County, OR",41011,2009,Suicide,19,63079
"Coos County, OR",41011,2009,"Non-Injury, no intent classified",796,63079
"Coos County, OR",41011,2010,Unintentional,39,63043
"Coos County, OR",41011,2010,Suicide,24,63043
"Coos County, OR",41011,2010,"Non-Injury, no intent classified",781,63043
"Coos County, OR",41011,2011,Unintentional,52,62791
"Coos County, OR",41011,2011,Suicide,14,62791
"Coos County, OR",41011,2011,"Non-Injury, no intent classified",792,62791
"Crook County, OR",41013,2007,"Non-Injury, no intent classified",199,21818
"Crook County, OR",41013,2008,Unintentional,12,21811
"Crook County, OR",41013,2008,"Non-Injury, no intent classified",186,21811
"Crook County, OR",41013,2009,"Non-Injury, no intent classified",184,21410
"Crook County, OR",41013,2010,Unintentional,11,20978
"Crook County, OR",41013,2010,"Non-Injury, no intent classified",212,20978
"Crook County, OR",41013,2011,"Non-Injury, no intent classified",212,20839
"Curry County, OR",41015,2007,Unintentional,20,22447
"Curry County, OR",41015,2007,"Non-Injury, no intent classified",337,22447
"Curry County, OR",41015,2008,Unintentional,15,22305
"Curry County, OR",41015,2008,Suicide,10,22305
"Curry County, OR",41015,2008,"Non-Injury, no intent classified",348,22305
"Curry County, OR",41015,2009,Unintentional,12,22341
"Curry County, OR",41015,2009,"Non-Injury, no intent classified",325,22341
"Curry County, OR",41015,2010,Unintentional,19,22364
"Curry County, OR",41015,2010,Suicide,11,22364
"Curry County, OR",41015,2010,"Non-Injury, no intent classified",336,22364
"Curry County, OR",41015,2011,Unintentional,14,22426
"Curry County, OR",41015,2011,"Non-Injury, no intent classified",323,22426
"Deschutes County, OR",41017,2007,Unintentional,64,152633
"Deschutes County, OR",41017,2007,Suicide,27,152633
"Deschutes County, OR",41017,2007,"Non-Injury, no intent classified",1001,152633
"Deschutes County, OR",41017,2008,Unintentional,62,156820
"Deschutes County, OR",41017,2008,Suicide,37,156820
"Deschutes County, OR",41017,2008,"Non-Injury, no intent classified",1070,156820
"Deschutes County, OR",41017,2009,Unintentional,64,157345
"Deschutes County, OR",41017,2009,Suicide,25,157345
"Deschutes County, OR",41017,2009,"Non-Injury, no intent classified",1060,157345
"Deschutes County, OR",41017,2010,Unintentional,65,157733
"Deschutes County, OR",41017,2010,Suicide,40,157733
"Deschutes County, OR",41017,2010,"Non-Injury, no intent classified",1142,157733
"Deschutes County, OR",41017,2011,Unintentional,65,160338
"Deschutes County, OR",41017,2011,Suicide,34,160338
"Deschutes County, OR",41017,2011,"Non-Injury, no intent classified",1157,160338
"Douglas County, OR",41019,2007,Unintentional,76,107057
"Douglas County, OR",41019,2007,Suicide,24,107057
"Douglas County, OR",41019,2007,"Non-Injury, no intent classified",1141,107057
"Douglas County, OR",41019,2008,Unintentional,69,107316
"Douglas County, OR",41019,2008,Suicide,19,107316
"Douglas County, OR",41019,2008,"Non-Injury, no intent classified",1200,107316
"Douglas County, OR",41019,2009,Unintentional,47,107378
"Douglas County, OR",41019,2009,Suicide,23,107378
"Douglas County, OR",41019,2009,"Non-Injury, no intent classified",1185,107378
"Douglas County, OR",41019,2010,Unintentional,58,107667
"Douglas County, OR",41019,2010,Suicide,17,107667
"Douglas County, OR",41019,2010,"Non-Injury, no intent classified",1302,107667
"Douglas County, OR",41019,2011,Unintentional,61,107490
"Douglas County, OR",41019,2011,Suicide,23,107490
"Douglas County, OR",41019,2011,"Non-Injury, no intent classified",1316,107490
"Gilliam County, OR",41021,2007,"Non-Injury, no intent classified",19,1816
"Gilliam County, OR",41021,2008,"Non-Injury, no intent classified",20,1886
"Gilliam County, OR",41021,2009,"Non-Injury, no intent classified",31,1856
"Gilliam County, OR",41021,2010,"Non-Injury, no intent classified",17,1871
"Gilliam County, OR",41021,2011,"Non-Injury, no intent classified",17,1937
"Grant County, OR",41023,2007,"Non-Injury, no intent classified",84,7267
"Grant County, OR",41023,2008,"Non-Injury, no intent classified",61,7303
"Grant County, OR",41023,2009,"Non-Injury, no intent classified",59,7343
"Grant County, OR",41023,2010,"Non-Injury, no intent classified",81,7445
"Grant County, OR",41023,2011,"Non-Injury, no intent classified",83,7410
"Harney County, OR",41025,2007,"Non-Injury, no intent classified",75,7327
"Harney County, OR",41025,2008,"Non-Injury, no intent classified",59,7375
"Harney County, OR",41025,2009,"Non-Injury, no intent classified",67,7432
"Harney County, OR",41025,2010,Unintentional,10,7422
"Harney County, OR",41025,2010,"Non-Injury, no intent classified",75,7422
"Harney County, OR",41025,2011,"Non-Injury, no intent classified",79,7373
"Hood River County, OR",41027,2007,"Non-Injury, no intent classified",134,21276
"Hood River County, OR",41027,2008,"Non-Injury, no intent classified",178,21589
"Hood River County, OR",41027,2009,"Non-Injury, no intent classified",162,22015
"Hood River County, OR",41027,2010,"Non-Injury, no intent classified",150,22346
"Hood River County, OR",41027,2011,Unintentional,12,22493
"Hood River County, OR",41027,2011,"Non-Injury, no intent classified",169,22493
"Jackson County, OR",41029,2007,Unintentional,75,199152
"Jackson County, OR",41029,2007,Suicide,45,199152
"Jackson County, OR",41029,2007,"Non-Injury, no intent classified",1850,199152
"Jackson County, OR",41029,2008,Unintentional,90,201162
"Jackson County, OR",41029,2008,Suicide,39,201162
"Jackson County, OR",41029,2008,Undetermined ,10,201162
"Jackson County, OR",41029,2008,"Non-Injury, no intent classified",1900,201162
"Jackson County, OR",41029,2009,Unintentional,85,202301
"Jackson County, OR",41029,2009,Suicide,54,202301
"Jackson County, OR",41029,2009,"Non-Injury, no intent classified",1884,202301
"Jackson County, OR",41029,2010,Unintentional,92,203206
"Jackson County, OR",41029,2010,Suicide,34,203206
"Jackson County, OR",41029,2010,"Non-Injury, no intent classified",2028,203206
"Jackson County, OR",41029,2011,Unintentional,114,204822
"Jackson County, OR",41029,2011,Suicide,44,204822
"Jackson County, OR",41029,2011,Homicide,11,204822
"Jackson County, OR",41029,2011,"Non-Injury, no intent classified",1959,204822
"Jefferson County, OR",41031,2007,Unintentional,15,21861
"Jefferson County, OR",41031,2007,"Non-Injury, no intent classified",163,21861
"Jefferson County, OR",41031,2008,Unintentional,22,21885
"Jefferson County, OR",41031,2008,"Non-Injury, no intent classified",158,21885
"Jefferson County, OR",41031,2009,Unintentional,17,21730
"Jefferson County, OR",41031,2009,"Non-Injury, no intent classified",190,21730
"Jefferson County, OR",41031,2010,Unintentional,13,21720
"Jefferson County, OR",41031,2010,"Non-Injury, no intent classified",152,21720
"Jefferson County, OR",41031,2011,Unintentional,17,21771
"Jefferson County, OR",41031,2011,"Non-Injury, no intent classified",165,21771
"Josephine County, OR",41033,2007,Unintentional,67,81746
"Josephine County, OR",41033,2007,Suicide,18,81746
"Josephine County, OR",41033,2007,"Non-Injury, no intent classified",960,81746
"Josephine County, OR",41033,2008,Unintentional,62,82389
"Josephine County, OR",41033,2008,Suicide,10,82389
"Josephine County, OR",41033,2008,"Non-Injury, no intent classified",1046,82389
"Josephine County, OR",41033,2009,Unintentional,50,82315
"Josephine County, OR",41033,2009,Suicide,22,82315
"Josephine County, OR",41033,2009,"Non-Injury, no intent classified",1013,82315
"Josephine County, OR",41033,2010,Unintentional,54,82713
"Josephine County, OR",41033,2010,Suicide,16,82713
"Josephine County, OR",41033,2010,"Non-Injury, no intent classified",1016,82713
"Josephine County, OR",41033,2011,Unintentional,54,82987
"Josephine County, OR",41033,2011,Suicide,26,82987
"Josephine County, OR",41033,2011,"Non-Injury, no intent classified",1173,82987
"Klamath County, OR",41035,2007,Unintentional,36,66767
"Klamath County, OR",41035,2007,Suicide,16,66767
"Klamath County, OR",41035,2007,"Non-Injury, no intent classified",669,66767
"Klamath County, OR",41035,2008,Unintentional,34,66732
"Klamath County, OR",41035,2008,Suicide,15,66732
"Klamath County, OR",41035,2008,"Non-Injury, no intent classified",651,66732
"Klamath County, OR",41035,2009,Unintentional,33,66460
"Klamath County, OR",41035,2009,Suicide,20,66460
"Klamath County, OR",41035,2009,"Non-Injury, no intent classified",684,66460
"Klamath County, OR",41035,2010,Unintentional,30,66380
"Klamath County, OR",41035,2010,Suicide,22,66380
"Klamath County, OR",41035,2010,"Non-Injury, no intent classified",618,66380
"Klamath County, OR",41035,2011,Unintentional,35,66299
"Klamath County, OR",41035,2011,Suicide,14,66299
"Klamath County, OR",41035,2011,"Non-Injury, no intent classified",647,66299
"Lake County, OR",41037,2007,"Non-Injury, no intent classified",96,7880
"Lake County, OR",41037,2008,Unintentional,15,7961
"Lake County, OR",41037,2008,"Non-Injury, no intent classified",63,7961
"Lake County, OR",41037,2009,"Non-Injury, no intent classified",76,7901
"Lake County, OR",41037,2010,"Non-Injury, no intent classified",95,7895
"Lake County, OR",41037,2011,"Non-Injury, no intent classified",74,7908
"Lane County, OR",41039,2007,Unintentional,166,344844
"Lane County, OR",41039,2007,Suicide,53,344844
"Lane County, OR",41039,2007,Undetermined ,13,344844
"Lane County, OR",41039,2007,"Non-Injury, no intent classified",2830,344844
"Lane County, OR",41039,2008,Unintentional,161,348176
"Lane County, OR",41039,2008,Suicide,60,348176
"Lane County, OR",41039,2008,Homicide,11,348176
"Lane County, OR",41039,2008,"Non-Injury, no intent classified",2884,348176
"Lane County, OR",41039,2009,Unintentional,204,350850
"Lane County, OR",41039,2009,Suicide,67,350850
"Lane County, OR",41039,2009,"Non-Injury, no intent classified",2794,350850
"Lane County, OR",41039,2010,Unintentional,149,351715
"Lane County, OR",41039,2010,Suicide,71,351715
"Lane County, OR",41039,2010,Homicide,12,351715
"Lane County, OR",41039,2010,Undetermined ,12,351715
"Lane County, OR",41039,2010,"Non-Injury, no intent classified",2808,351715
"Lane County, OR",41039,2011,Unintentional,180,353416
"Lane County, OR",41039,2011,Suicide,69,353416
"Lane County, OR",41039,2011,Undetermined ,12,353416
"Lane County, OR",41039,2011,"Non-Injury, no intent classified",3015,353416
"Lincoln County, OR",41041,2007,Unintentional,20,45798
"Lincoln County, OR",41041,2007,Suicide,11,45798
"Lincoln County, OR",41041,2007,"Non-Injury, no intent classified",491,45798
"Lincoln County, OR",41041,2008,Unintentional,22,45915
"Lincoln County, OR",41041,2008,Suicide,12,45915
"Lincoln County, OR",41041,2008,"Non-Injury, no intent classified",512,45915
"Lincoln County, OR",41041,2009,Unintentional,28,45989
"Lincoln County, OR",41041,2009,Suicide,10,45989
"Lincoln County, OR",41041,2009,"Non-Injury, no intent classified",507,45989
"Lincoln County, OR",41041,2010,Unintentional,29,46034
"Lincoln County, OR",41041,2010,Suicide,13,46034
"Lincoln County, OR",41041,2010,"Non-Injury, no intent classified",542,46034
"Lincoln County, OR",41041,2011,Unintentional,18,45933
"Lincoln County, OR",41041,2011,"Non-Injury, no intent classified",556,45933
"Linn County, OR",41043,2007,Unintentional,55,112932
"Linn County, OR",41043,2007,Suicide,16,112932
"Linn County, OR",41043,2007,"Non-Injury, no intent classified",1070,112932
"Linn County, OR",41043,2008,Unintentional,48,114967
"Linn County, OR",41043,2008,Suicide,14,114967
"Linn County, OR",41043,2008,"Non-Injury, no intent classified",1057,114967
"Linn County, OR",41043,2009,Unintentional,51,116001
"Linn County, OR",41043,2009,Suicide,21,116001
"Linn County, OR",41043,2009,"Non-Injury, no intent classified",1092,116001
"Linn County, OR",41043,2010,Unintentional,60,116672
"Linn County, OR",41043,2010,Suicide,20,116672
"Linn County, OR",41043,2010,"Non-Injury, no intent classified",1061,116672
"Linn County, OR",41043,2011,Unintentional,56,118122
"Linn County, OR",41043,2011,Suicide,21,118122
"Linn County, OR",41043,2011,"Non-Injury, no intent classified",1057,118122
"Malheur County, OR",41045,2007,Unintentional,18,31434
"Malheur County, OR",41045,2007,"Non-Injury, no intent classified",266,31434
"Malheur County, OR",41045,2008,Unintentional,13,31311
"Malheur County, OR",41045,2008,"Non-Injury, no intent classified",265,31311
"Malheur County, OR",41045,2009,Unintentional,15,31265
"Malheur County, OR",41045,2009,"Non-Injury, no intent classified",254,31265
"Malheur County, OR",41045,2010,"Non-Injury, no intent classified",304,31313
"Malheur County, OR",41045,2011,Unintentional,18,31068
"Malheur County, OR",41045,2011,"Non-Injury, no intent classified",291,31068
"Marion County, OR",41047,2007,Unintentional,117,306964
"Marion County, OR",41047,2007,Suicide,46,306964
"Marion County, OR",41047,2007,"Non-Injury, no intent classified",2422,306964
"Marion County, OR",41047,2008,Unintentional,145,309729
"Marion County, OR",41047,2008,Suicide,33,309729
"Marion County, OR",41047,2008,Homicide,12,309729
"Marion County, OR",41047,2008,"Non-Injury, no intent classified",2516,309729
"Marion County, OR",41047,2009,Unintentional,135,313389
"Marion County, OR",41047,2009,Suicide,48,313389
"Marion County, OR",41047,2009,"Non-Injury, no intent classified",2401,313389
"Marion County, OR",41047,2010,Unintentional,128,315335
"Marion County, OR",41047,2010,Suicide,50,315335
"Marion County, OR",41047,2010,"Non-Injury, no intent classified",2342,315335
"Marion County, OR",41047,2011,Unintentional,137,318872
"Marion County, OR",41047,2011,Suicide,41,318872
"Marion County, OR",41047,2011,"Non-Injury, no intent classified",2338,318872
"Morrow County, OR",41049,2007,"Non-Injury, no intent classified",55,11048
"Morrow County, OR",41049,2008,"Non-Injury, no intent classified",75,11002
"Morrow County, OR",41049,2009,"Non-Injury, no intent classified",90,11102
"Morrow County, OR",41049,2010,"Non-Injury, no intent classified",56,11173
"Morrow County, OR",41049,2011,"Non-Injury, no intent classified",73,11169
"Multnomah County, OR",41051,2007,Unintentional,323,697799
"Multnomah County, OR",41051,2007,Suicide,107,697799
"Multnomah County, OR",41051,2007,Homicide,27,697799
"Multnomah County, OR",41051,2007,Undetermined ,30,697799
"Multnomah County, OR",41051,2007,"Non-Injury, no intent classified",5054,697799
"Multnomah County, OR",41051,2008,Unintentional,294,712989
"Multnomah County, OR",41051,2008,Suicide,107,712989
"Multnomah County, OR",41051,2008,Homicide,31,712989
"Multnomah County, OR",41051,2008,Undetermined ,19,712989
"Multnomah County, OR",41051,2008,"Non-Injury, no intent classified",4971,712989
"Multnomah County, OR",41051,2009,Unintentional,303,727721
"Multnomah County, OR",41051,2009,Suicide,111,727721
"Multnomah County, OR",41051,2009,Homicide,22,727721
"Multnomah County, OR",41051,2009,Undetermined ,25,727721
"Multnomah County, OR",41051,2009,"Non-Injury, no intent classified",4811,727721
"Multnomah County, OR",41051,2010,Unintentional,290,735334
"Multnomah County, OR",41051,2010,Suicide,109,735334
"Multnomah County, OR",41051,2010,Homicide,31,735334
"Multnomah County, OR",41051,2010,Undetermined ,26,735334
"Multnomah County, OR",41051,2010,"Non-Injury, no intent classified",4778,735334
"Multnomah County, OR",41051,2011,Unintentional,333,748031
"Multnomah County, OR",41051,2011,Suicide,113,748031
"Multnomah County, OR",41051,2011,Homicide,24,748031
"Multnomah County, OR",41051,2011,Undetermined ,10,748031
"Multnomah County, OR",41051,2011,"Non-Injury, no intent classified",4962,748031
"Polk County, OR",41053,2007,Unintentional,31,72791
"Polk County, OR",41053,2007,Suicide,12,72791
"Polk County, OR",41053,2007,"Non-Injury, no intent classified",514,72791
"Polk County, OR",41053,2008,Unintentional,49,74346
"Polk County, OR",41053,2008,"Non-Injury, no intent classified",590,74346
"Polk County, OR",41053,2009,Unintentional,33,74934
"Polk County, OR",41053,2009,Suicide,13,74934
"Polk County, OR",41053,2009,"Non-Injury, no intent classified",602,74934
"Polk County, OR",41053,2010,Unintentional,25,75403
"Polk County, OR",41053,2010,Suicide,11,75403
"Polk County, OR",41053,2010,"Non-Injury, no intent classified",566,75403
"Polk County, OR",41053,2011,Unintentional,31,75993
"Polk County, OR",41053,2011,Suicide,10,75993
"Polk County, OR",41053,2011,"Non-Injury, no intent classified",562,75993
"Sherman County, OR",41055,2007,"Non-Injury, no intent classified",16,1713
"Sherman County, OR",41055,2008,"Non-Injury, no intent classified",19,1691
"Sherman County, OR",41055,2009,"Non-Injury, no intent classified",17,1733
"Sherman County, OR",41055,2010,"Non-Injury, no intent classified",15,1765
"Tillamook County, OR",41057,2007,Unintentional,11,25243
"Tillamook County, OR",41057,2007,"Non-Injury, no intent classified",262,25243
"Tillamook County, OR",41057,2008,Unintentional,19,25151
"Tillamook County, OR",41057,2008,"Non-Injury, no intent classified",257,25151
"Tillamook County, OR",41057,2009,Unintentional,12,25179
"Tillamook County, OR",41057,2009,"Non-Injury, no intent classified",260,25179
"Tillamook County, OR",41057,2010,Unintentional,18,25250
"Tillamook County, OR",41057,2010,"Non-Injury, no intent classified",229,25250
"Tillamook County, OR",41057,2011,Unintentional,23,25403
"Tillamook County, OR",41057,2011,"Non-Injury, no intent classified",246,25403
"Umatilla County, OR",41059,2007,Unintentional,32,74269
"Umatilla County, OR",41059,2007,Suicide,10,74269
"Umatilla County, OR",41059,2007,"Non-Injury, no intent classified",540,74269
"Umatilla County, OR",41059,2008,Unintentional,43,74488
"Umatilla County, OR",41059,2008,Suicide,15,74488
"Umatilla County, OR",41059,2008,"Non-Injury, no intent classified",609,74488
"Umatilla County, OR",41059,2009,Unintentional,31,75199
"Umatilla County, OR",41059,2009,Suicide,13,75199
"Umatilla County, OR",41059,2009,"Non-Injury, no intent classified",586,75199
"Umatilla County, OR",41059,2010,Unintentional,39,75889
"Umatilla County, OR",41059,2010,Suicide,16,75889
"Umatilla County, OR",41059,2010,"Non-Injury, no intent classified",599,75889
"Umatilla County, OR",41059,2011,Unintentional,36,76725
"Umatilla County, OR",41059,2011,Suicide,12,76725
"Umatilla County, OR",41059,2011,"Non-Injury, no intent classified",578,76725
"Union County, OR",41061,2007,"Non-Injury, no intent classified",228,25263
"Union County, OR",41061,2008,Unintentional,14,25473
"Union County, OR",41061,2008,"Non-Injury, no intent classified",218,25473
"Union County, OR",41061,2009,Unintentional,14,25580
"Union County, OR",41061,2009,"Non-Injury, no intent classified",257,25580
"Union County, OR",41061,2010,Unintentional,12,25748
"Union County, OR",41061,2010,"Non-Injury, no intent classified",230,25748
"Union County, OR",41061,2011,Unintentional,14,25791
"Union County, OR",41061,2011,"Non-Injury, no intent classified",255,25791
"Wallowa County, OR",41063,2007,"Non-Injury, no intent classified",67,6884
"Wallowa County, OR",41063,2008,"Non-Injury, no intent classified",78,6900
"Wallowa County, OR",41063,2009,"Non-Injury, no intent classified",60,6948
"Wallowa County, OR",41063,2010,"Non-Injury, no intent classified",68,7008
"Wallowa County, OR",41063,2011,"Non-Injury, no intent classified",87,6990
"Wasco County, OR",41065,2007,"Non-Injury, no intent classified",270,24451
"Wasco County, OR",41065,2008,Unintentional,20,24617
"Wasco County, OR",41065,2008,"Non-Injury, no intent classified",282,24617
"Wasco County, OR",41065,2009,Unintentional,10,24981
"Wasco County, OR",41065,2009,"Non-Injury, no intent classified",263,24981
"Wasco County, OR",41065,2010,Unintentional,16,25213
"Wasco County, OR",41065,2010,"Non-Injury, no intent classified",280,25213
"Wasco County, OR",41065,2011,"Non-Injury, no intent classified",296,25234
"Washington County, OR",41067,2007,Unintentional,151,508842
"Washington County, OR",41067,2007,Suicide,66,508842
"Washington County, OR",41067,2007,Undetermined ,13,508842
"Washington County, OR",41067,2007,"Non-Injury, no intent classified",2552,508842
"Washington County, OR",41067,2008,Unintentional,127,515815
"Washington County, OR",41067,2008,Suicide,60,515815
"Washington County, OR",41067,2008,"Non-Injury, no intent classified",2666,515815
"Washington County, OR",41067,2009,Unintentional,127,524699
"Washington County, OR",41067,2009,Suicide,55,524699
"Washington County, OR",41067,2009,Homicide,15,524699
"Washington County, OR",41067,2009,"Non-Injury, no intent classified",2602,524699
"Washington County, OR",41067,2010,Unintentional,134,529710
"Washington County, OR",41067,2010,Suicide,70,529710
"Washington County, OR",41067,2010,Undetermined ,12,529710
"Washington County, OR",41067,2010,"Non-Injury, no intent classified",2607,529710
"Washington County, OR",41067,2011,Unintentional,133,540410
"Washington County, OR",41067,2011,Suicide,81,540410
"Washington County, OR",41067,2011,"Non-Injury, no intent classified",2694,540410
"Wheeler County, OR",41069,2007,"Non-Injury, no intent classified",17,1419
"Wheeler County, OR",41069,2008,"Non-Injury, no intent classified",15,1399
"Wheeler County, OR",41069,2009,"Non-Injury, no intent classified",18,1411
"Wheeler County, OR",41069,2010,"Non-Injury, no intent classified",15,1441
"Wheeler County, OR",41069,2011,"Non-Injury, no intent classified",18,1426
"Yamhill County, OR",41071,2007,Unintentional,42,95875
"Yamhill County, OR",41071,2007,Suicide,10,95875
"Yamhill County, OR",41071,2007,"Non-Injury, no intent classified",736,95875
"Yamhill County, OR",41071,2008,Unintentional,39,97537
"Yamhill County, OR",41071,2008,"Non-Injury, no intent classified",678,97537
"Yamhill County, OR",41071,2009,Unintentional,38,98647
"Yamhill County, OR",41071,2009,Suicide,13,98647
"Yamhill County, OR",41071,2009,"Non-Injury, no intent classified",695,98647
"Yamhill County, OR",41071,2010,Unintentional,30,99193
"Yamhill County, OR",41071,2010,Suicide,15,99193
"Yamhill County, OR",41071,2010,"Non-Injury, no intent classified",738,99193
"Yamhill County, OR",41071,2011,Unintentional,37,100000
"Yamhill County, OR",41071,2011,Suicide,17,100000
"Yamhill County, OR",41071,2011,"Non-Injury, no intent classified",815,100000